문서이름,,freq
월봉서원빙월당,기대승,14
월봉서원빙월당,서원,12
월봉서원빙월당,고봉,11
월봉서원빙월당,좋은,7
월봉서원빙월당,좋아요,6
월봉서원빙월당,다시,5
월봉서원빙월당,선생,5
월봉서원빙월당,봉서,5
월봉서원빙월당,역사,5
월봉서원빙월당,힐링,5
월봉서원빙월당,장소,5
월봉서원빙월당,관리,5
월봉서원빙월당,광주,4
월봉서원빙월당,산책,4
월봉서원빙월당,문화,4
월봉서원빙월당,체험,4
월봉서원빙월당,위치,3
월봉서원빙월당,생각,3
월봉서원빙월당,그냥,3
월봉서원빙월당,피해,3
월봉서원빙월당,서원철폐령,3
월봉서원빙월당,있어,3
월봉서원빙월당,대원군,3
월봉서원빙월당,가을,3
월봉서원빙월당,조용하고,3
월봉서원빙월당,주변,3
월봉서원빙월당,문화재,2
월봉서원빙월당,아름다운,2
월봉서원빙월당,진입,2
월봉서원빙월당,좋네요,2
월봉서원빙월당,학문,2
월봉서원빙월당,참석,2
월봉서원빙월당,보고,2
월봉서원빙월당,수해,2
월봉서원빙월당,근처,2
월봉서원빙월당,행사,2
월봉서원빙월당,의미,2
월봉서원빙월당,지금,2
월봉서원빙월당,기리,2
월봉서원빙월당,코로나,2
월봉서원빙월당,깊은,2
월봉서원빙월당,다양한,2
월봉서원빙월당,분위기,2
월봉서원빙월당,마을,2
월봉서원빙월당,방문,2
월봉서원빙월당,설명,2
월봉서원빙월당,무료,2
월봉서원빙월당,정말,2
월봉서원빙월당,조선,2
월봉서원빙월당,배향,2
월봉서원빙월당,경치,2
월봉서원빙월당,풍경,2
월봉서원빙월당,추모,2
월봉서원빙월당,좋았습니다,2
월봉서원빙월당,공부,2
월봉서원빙월당,선비,2
월봉서원빙월당,좋습니다,2
월봉서원빙월당,건물,2
월봉서원빙월당,주차,2
월봉서원빙월당,해설,2
월봉서원빙월당,산책로,2
월봉서원빙월당,토사,1
월봉서원빙월당,마당,1
월봉서원빙월당,지역,1
월봉서원빙월당,처서,1
월봉서원빙월당,중장비,1
월봉서원빙월당,복구,1
월봉서원빙월당,읍니,1
월봉서원빙월당,다행,1
월봉서원빙월당,교육,1
월봉서원빙월당,있구요,1
월봉서원빙월당,매우,1
월봉서원빙월당,프로,1
월봉서원빙월당,가족,1
월봉서원빙월당,끼리,1
월봉서원빙월당,해도,1
월봉서원빙월당,오래된,1
월봉서원빙월당,계곡,1
월봉서원빙월당,조용한,1
월봉서원빙월당,느낌,1
월봉서원빙월당,정성,1
월봉서원빙월당,초헌,1
월봉서원빙월당,기념,1
월봉서원빙월당,식수,1
월봉서원빙월당,평상시,1
월봉서원빙월당,인물,1
월봉서원빙월당,친절한,1
월봉서원빙월당,안내,1
월봉서원빙월당,기분,1
월봉서원빙월당,흔적,1
월봉서원빙월당,깊숙한,1
월봉서원빙월당,우동,1
월봉서원빙월당,시골,1
월봉서원빙월당,사가,1
월봉서원빙월당,있으니,1
월봉서원빙월당,요청,1
월봉서원빙월당,처마,1
월봉서원빙월당,한여름,1
월봉서원빙월당,더위,1
월봉서원빙월당,한국,1
월봉서원빙월당,좋았다,1
월봉서원빙월당,지방,1
월봉서원빙월당,복장,1
월봉서원빙월당,작습니다,1
월봉서원빙월당,유교,1
월봉서원빙월당,향기,1
월봉서원빙월당,시설,1
월봉서원빙월당,깔끔해서,1
월봉서원빙월당,신경,1
월봉서원빙월당,벤또,1
월봉서원빙월당,원내,1
월봉서원빙월당,선생님,1
월봉서원빙월당,햇빛,1
월봉서원빙월당,따뜻하고,1
월봉서원빙월당,아늑하니,1
월봉서원빙월당,은행,1
월봉서원빙월당,물이,1
월봉서원빙월당,가파른,1
월봉서원빙월당,황희,1
월봉서원빙월당,정승,1
월봉서원빙월당,사단칠정,1
월봉서원빙월당,토론,1
월봉서원빙월당,깨끗함,1
월봉서원빙월당,좋았네요,1
월봉서원빙월당,시급하네요,1
월봉서원빙월당,아늑하고,1
월봉서원빙월당,고풍,1
월봉서원빙월당,조용히,1
월봉서원빙월당,야할,1
월봉서원빙월당,사색,1
월봉서원빙월당,정점,1
월봉서원빙월당,성의,1
월봉서원빙월당,잠기,1
월봉서원빙월당,상태,1
월봉서원빙월당,안좋음,1
월봉서원빙월당,기린,1
월봉서원빙월당,정통,1
월봉서원빙월당,좋음,1
월봉서원빙월당,청량향,1
월봉서원빙월당,자세히,1
월봉서원빙월당,지형,1
월봉서원빙월당,장면,1
월봉서원빙월당,자리,1
월봉서원빙월당,어렵다,1
월봉서원빙월당,바람,1
월봉서원빙월당,간다,1
월봉서원빙월당,별거,1
월봉서원빙월당,없는데,1
월봉서원빙월당,정자,1
월봉서원빙월당,개울,1
월봉서원빙월당,헤헤,1
월봉서원빙월당,마찬가지,1
월봉서원빙월당,우린,1
월봉서원빙월당,등산,1
월봉서원빙월당,거기,1
월봉서원빙월당,참외,1
월봉서원빙월당,왓네,1
월봉서원빙월당,정취,1
월봉서원빙월당,흠뻑,1
월봉서원빙월당,가이드,1
월봉서원빙월당,작은,1
월봉서원빙월당,박물관,1
월봉서원빙월당,같은,1
월봉서원빙월당,있음,1
월봉서원빙월당,넓지,1
월봉서원빙월당,조용하게,1
월봉서원빙월당,어르신,1
월봉서원빙월당,뒷산,1
월봉서원빙월당,하이킹,1
월봉서원빙월당,별미,1
월봉서원빙월당,광주시,1
월봉서원빙월당,따뜻한,1
월봉서원빙월당,많은,1
월봉서원빙월당,카페,1
월봉서원빙월당,가지,1
월봉서원빙월당,복원,1
월봉서원빙월당,퇴계,1
월봉서원빙월당,편지,1
월봉서원빙월당,왕래,1
월봉서원빙월당,유명한,1
월봉서원빙월당,이야기,1
월봉서원빙월당,중심,1
월봉서원빙월당,감나무,1
월봉서원빙월당,열매,1
월봉서원빙월당,스럽다,1
월봉서원빙월당,묘소,1
월봉서원빙월당,언덕길,1
월봉서원빙월당,거리,1
월봉서원빙월당,철폐,1
월봉서원빙월당,지음,1
월봉서원빙월당,동네,1
월봉서원빙월당,예뻐,1
월봉서원빙월당,종택,1
월봉서원빙월당,공개,1
월봉서원빙월당,좋을거라,1
월봉서원빙월당,짧은,1
월봉서원빙월당,코스,1
월봉서원빙월당,광산,1
월봉서원빙월당,임곡,1
월봉서원빙월당,자락,1
월봉서원빙월당,황룡강,1
월봉서원빙월당,추천,1
월봉서원빙월당,필수,1
월봉서원빙월당,뜻밖,1
월봉서원빙월당,서행,1
월봉서원빙월당,공기,1
월봉서원빙월당,좋고,1
월봉서원빙월당,아름답고,1
월봉서원빙월당,빙월,1
월봉서원빙월당,불리,1
월봉서원빙월당,기도,1
월봉서원빙월당,완전,1
월봉서원빙월당,있었고,1
월봉서원빙월당,그림,1
월봉서원빙월당,그리기,1
월봉서원빙월당,기억,1
월봉서원빙월당,선물,1
월봉서원빙월당,예뻐요,1
월봉서원빙월당,호강,1
월봉서원빙월당,중기,1
월봉서원빙월당,성리학자,1
월봉서원빙월당,리기,1
월봉서원빙월당,위해,1
월봉서원빙월당,호남,1
월봉서원빙월당,유생,1
월봉서원빙월당,폐지,1
월봉서원빙월당,입장료,1
월봉서원빙월당,주차공간,1
월봉서원빙월당,있지만,1
월봉서원빙월당,길이,1
월봉서원빙월당,좁은,1
월봉서원빙월당,편이,1
월봉서원빙월당,시내,1
월봉서원빙월당,장성,1
월봉서원빙월당,읍내,1
월봉서원빙월당,가깝다,1
월봉서원빙월당,인적,1
월봉서원빙월당,좋아서,1
월봉서원빙월당,학술,1
월봉서원빙월당,미적,1
월봉서원빙월당,휴일,1
월봉서원빙월당,광산구,1
월봉서원빙월당,곡동,1
월봉서원빙월당,햇살,1
월봉서원빙월당,좋았답니다,1
월봉서원빙월당,가면,1
월봉서원빙월당,성리학,1
월봉서원빙월당,대가,1
월봉서원빙월당,숨결,1
월봉서원빙월당,그대로,1
월봉서원빙월당,심심한데,1
월봉서원빙월당,만하,1
월봉서원빙월당,돌담,1
월봉서원빙월당,나무,1
월봉서원빙월당,인상,1
월봉서원빙월당,동산,1
월봉서원빙월당,넓다,1
월봉서원빙월당,곳도,1
월봉서원빙월당,표지판,1
월봉서원빙월당,광보,1
월봉서원빙월당,걷기,1
월봉서원빙월당,좋았어요,1
월봉서원빙월당,주위,1
월봉서원빙월당,많다,1
월봉서원빙월당,여러,1
월봉서원빙월당,주말,1
월봉서원빙월당,봉향,1
월봉서원빙월당,마음,1
월봉서원빙월당,얼음,1
월봉서원빙월당,투명해져,1
월봉서원빙월당,어때요,1
월봉서원빙월당,한적하니,1
월봉서원빙월당,공간,1
월봉서원빙월당,시댁,1
월봉서원빙월당,문화유산,1
월봉서원빙월당,자랑스런,1
월봉서원빙월당,하루,1
월봉서원빙월당,참여,1
월봉서원빙월당,경험,1
월봉서원빙월당,하니,1
월봉서원빙월당,평일,1
월봉서원빙월당,있나싶은,1
월봉서원빙월당,멋진,1
월봉서원빙월당,상당히,1
월봉서원빙월당,관련,1
월봉서원빙월당,유서,1
월봉서원빙월당,흥선대원군,1
월봉서원빙월당,집권,1
월봉서원빙월당,훼철,1
월봉서원빙월당,아름답습니다,1
월봉서원빙월당,대중교통,1
월봉서원빙월당,가기,1
월봉서원빙월당,접근성,1
월봉서원빙월당,훌륭한,1
이장우가옥,가옥,9
이장우가옥,광주,7
이장우가옥,양림동,6
이장우가옥,이장우,5
이장우가옥,고택,4
이장우가옥,관리,4
이장우가옥,있음,4
이장우가옥,전통,4
이장우가옥,평일,3
이장우가옥,정원,3
이장우가옥,근대,3
이장우가옥,해설,3
이장우가옥,개방,3
이장우가옥,마을,3
이장우가옥,방문,2
이장우가옥,한번,2
이장우가옥,마음,2
이장우가옥,분위기,2
이장우가옥,좋았어요,2
이장우가옥,둘러보기,2
이장우가옥,보존,2
이장우가옥,역사,2
이장우가옥,정말,2
이장우가옥,도심,2
이장우가옥,정취,2
이장우가옥,편안함,2
이장우가옥,장소,2
이장우가옥,좋은,2
이장우가옥,고풍,2
이장우가옥,스럽고,2
이장우가옥,소유,2
이장우가옥,부자,2
이장우가옥,상견례,2
이장우가옥,영화,2
이장우가옥,위험한,2
이장우가옥,피곤,1
이장우가옥,월요일,1
이장우가옥,지금,1
이장우가옥,동신대학교,1
이장우가옥,현대,1
이장우가옥,문화유산,1
이장우가옥,만끽,1
이장우가옥,도보,1
이장우가옥,아름답고,1
이장우가옥,있어,1
이장우가옥,관광,1
이장우가옥,같은,1
이장우가옥,과거,1
이장우가옥,친구,1
이장우가옥,따뜻한,1
이장우가옥,연다,1
이장우가옥,오후,1
이장우가옥,교가,1
이장우가옥,영화감독,1
이장우가옥,정준,1
이장우가옥,음악가,1
이장우가옥,정추,1
이장우가옥,형제,1
이장우가옥,외조,1
이장우가옥,부라,1
이장우가옥,어린시절,1
이장우가옥,피아노,1
이장우가옥,연주,1
이장우가옥,매우,1
이장우가옥,있었나요,1
이장우가옥,매화,1
이장우가옥,피고,1
이장우가옥,존함,1
이장우가옥,조용해요,1
이장우가옥,광역시,1
이장우가옥,볼거리,1
이장우가옥,옛날,1
이장우가옥,외갓집,1
이장우가옥,오죽,1
이장우가옥,추억,1
이장우가옥,구석구석,1
이장우가옥,평온하고,1
이장우가옥,예쁜,1
이장우가옥,바퀴,1
이장우가옥,영혼,1
이장우가옥,치유,1
이장우가옥,공간,1
이장우가옥,커다란,1
이장우가옥,불탄,1
이장우가옥,감나무,1
이장우가옥,멋졌어요,1
이장우가옥,좋을,1
이장우가옥,많음,1
이장우가옥,근처,1
이장우가옥,스러,1
이장우가옥,복판,1
이장우가옥,펭귄,1
이장우가옥,부잣집,1
이장우가옥,흥미로워,1
이장우가옥,소재,1
이장우가옥,편안하게,1
이장우가옥,좋았습니다,1
이장우가옥,외부,1
이장우가옥,위치,1
이장우가옥,내부,1
이장우가옥,안내,1
이장우가옥,화이팅,1
이장우가옥,부친,1
이장우가옥,정확하지,1
이장우가옥,고생,1
이장우가옥,정낙,1
이장우가옥,설명,1
이장우가옥,호의,1
이장우가옥,결합,1
이장우가옥,장식,1
이장우가옥,근현대사,1
이장우가옥,관심,1
이장우가옥,가지,1
이장우가옥,일본,1
이장우가옥,서양,1
이장우가옥,식이,1
이장우가옥,주택,1
이장우가옥,고리,1
이장우가옥,기회,1
이장우가옥,마당,1
이장우가옥,입장,1
이장우가옥,도시,1
이장우가옥,오래된,1
이장우가옥,편하게,1
이장우가옥,조경,1
이장우가옥,철제,1
이장우가옥,모양,1
이장우가옥,대문,1
이장우가옥,재단,1
이장우가옥,산책,1
이장우가옥,좋아요,1
이장우가옥,세기말,1
이장우가옥,조선시대,1
이장우가옥,남자,1
이장우가옥,주인공,1
이장우가옥,동신대,1
이장우가옥,연못,1
이장우가옥,거북이,1
이장우가옥,유일,1
이장우가옥,보라,1
이장우가옥,집앞,1
이장우가옥,섬돌,1
이장우가옥,민속,1
이장우가옥,문화재,1
이장우가옥,참새,1
이장우가옥,부유한,1
이장우가옥,안쪽,1
이장우가옥,정병,1
이장우가옥,매입,1
이장우가옥,무료,1
이장우가옥,부담,1
이장우가옥,한가하게,1
이장우가옥,선생님,1
이장우가옥,친절한,1
이장우가옥,많은,1
이장우가옥,사실,1
이장우가옥,동네,1
이장우가옥,제단,1
이장우가옥,모습,1
이장우가옥,비엔날레,1
이장우가옥,특별,1
이장우가옥,전이,1
이장우가옥,리기,1
이장우가옥,촬영,1
이장우가옥,주인,1
이장우가옥,상시,1
이장우가옥,학교,1
이장우가옥,관람,1
이장우가옥,보수,1
이장우가옥,가능하다,1
이장우가옥,이동,1
이장우가옥,아름다운,1
이장우가옥,뒷산,1
이장우가옥,만날,1
이장우가옥,상류층,1
이장우가옥,유지,1
이장우가옥,보기,1
이장우가옥,체감,1
이장우가옥,좋습니다,1
이장우가옥,줏대,1
이장우가옥,이야기,1
이장우가옥,일제강점기,1
이장우가옥,대의,1
이장우가옥,변화,1
이장우가옥,실제,1
이장우가옥,자연,1
포충사,좋아요,32
포충사,산책,22
포충사,좋은,21
포충사,장소,16
포충사,고경명,16
포충사,사당,15
포충사,장군,12
포충사,관리,12
포충사,나들이,11
포충사,광주,10
포충사,소나무,9
포충사,가족,9
포충사,사우,8
포충사,잔디밭,8
포충사,조용하고,8
포충사,주변,8
포충사,생각,7
포충사,방문,7
포충사,한적하고,6
포충사,기리,6
포충사,좋다,6
포충사,힐링,6
포충사,무료,5
포충사,휴식,5
포충사,시설,5
포충사,역사,5
포충사,의병,5
포충사,사람,5
포충사,임진왜란,5
포충사,호남,5
포충사,의병장,5
포충사,주차장,5
포충사,좋음,5
포충사,소풍,4
포충사,광역시,4
포충사,유적지,4
포충사,가을,4
포충사,경내,4
포충사,돗자리,4
포충사,편의,4
포충사,조경이,4
포충사,조용한,4
포충사,나무,4
포충사,건물,4
포충사,좋았어요,4
포충사,잔디,4
포충사,가기,3
포충사,넓은,3
포충사,좋네요,3
포충사,코로나,3
포충사,도심,3
포충사,좋고,3
포충사,서원,3
포충사,마음,3
포충사,매우,3
포충사,좋습니다,3
포충사,아주,3
포충사,설명,3
포충사,멋진,3
포충사,나라,3
포충사,호국,3
포충사,산책길,3
포충사,보드,3
포충사,선열,3
포충사,가끔,3
포충사,위해,3
포충사,대표,3
포충사,최고,3
포충사,가깝고,2
포충사,사색,2
포충사,사찰,2
포충사,해도,2
포충사,체험학습,2
포충사,동산,2
포충사,정취,2
포충사,마침,2
포충사,햇볕,2
포충사,예전,2
포충사,화장실,2
포충사,현재,2
포충사,공간,2
포충사,현장,2
포충사,청소,2
포충사,있어,2
포충사,작은,2
포충사,백일홍,2
포충사,전면,2
포충사,많음,2
포충사,배롱나무,2
포충사,바람,2
포충사,근교,2
포충사,분위기,2
포충사,넓고,2
포충사,입장료,2
포충사,조으다,2
포충사,목숨,2
포충사,아늑한,2
포충사,끼리,2
포충사,위치,2
포충사,해설,2
포충사,정원,2
포충사,금지,2
포충사,처음,2
포충사,흔적,2
포충사,근처,2
포충사,좋았습니다,2
포충사,걷기,2
포충사,단풍,2
포충사,지역,2
포충사,편안하고,2
포충사,시내,2
포충사,아들,2
포충사,부자,2
포충사,공기,2
포충사,자전거,2
포충사,입구,2
포충사,가볍게,2
포충사,가면,2
포충사,임란,2
포충사,한적하니,2
포충사,깨끗하게,2
포충사,단장,1
포충사,전남,1
포충사,한적함과,1
포충사,산이,1
포충사,산책로,1
포충사,재미있었다,1
포충사,소임,1
포충사,부족한,1
포충사,좋았던것,1
포충사,교과서,1
포충사,한문,1
포충사,산실,1
포충사,아닐까,1
포충사,어림,1
포충사,집의,1
포충사,있지만,1
포충사,주차,1
포충사,이동,1
포충사,준비,1
포충사,주말,1
포충사,라인,1
포충사,좋겠어요,1
포충사,규칙,1
포충사,서로,1
포충사,모양,1
포충사,프로그램,1
포충사,정시,1
포충사,사가,1
포충사,의아,1
포충사,없어서,1
포충사,있었는데,1
포충사,홍살문,1
포충사,김덕령,1
포충사,라보,1
포충사,나지막한,1
포충사,정갈하게,1
포충사,널찍하고,1
포충사,고함,1
포충사,소재,1
포충사,모면,1
포충사,친구,1
포충사,상세,1
포충사,맑은,1
포충사,전정,1
포충사,없으니,1
포충사,상권,1
포충사,쉬기,1
포충사,그냥,1
포충사,여름,1
포충사,고요한,1
포충사,아름다웠습니다,1
포충사,차분하고,1
포충사,전체,1
포충사,계단,1
포충사,여유,1
포충사,최적,1
포충사,편리함,1
포충사,좋게,1
포충사,코스,1
포충사,고고씽,1
포충사,김밥,1
포충사,놀이,1
포충사,오픈,1
포충사,하루,1
포충사,예쁘고,1
포충사,장애인,1
포충사,업적,1
포충사,데이트,1
포충사,산수유,1
포충사,할아버지,1
포충사,원조,1
포충사,최부,1
포충사,상태,1
포충사,만끽,1
포충사,계절,1
포충사,부탁드려요,1
포충사,개선,1
포충사,정리,1
포충사,아기,1
포충사,놀이터,1
포충사,고항,1
포충사,딱좋네요,1
포충사,볼거리,1
포충사,부족,1
포충사,이후,1
포충사,좋았는데,1
포충사,저장,1
포충사,무등산,1
포충사,복잡하고,1
포충사,벚꽃,1
포충사,한적하면서,1
포충사,애완견,1
포충사,외곽,1
포충사,인원,1
포충사,소수,1
포충사,금요일,1
포충사,자연,1
포충사,조화로운,1
포충사,찍기,1
포충사,사진,1
포충사,적합합니다,1
포충사,멋지고,1
포충사,계신,1
포충사,잡기,1
포충사,영웅,1
포충사,낮잠,1
포충사,어유,1
포충사,힘들,1
포충사,주얼,1
포충사,줄겁,1
포충사,경과,1
포충사,편안한,1
포충사,청량한,1
포충사,머리,1
포충사,고고,1
포충사,시골,1
포충사,내년,1
포충사,주차공간,1
포충사,선선해지면,1
포충사,날씨,1
포충사,신나게,1
포충사,가까워,1
포충사,좋구요,1
포충사,그닥없,1
포충사,한가하고,1
포충사,경치,1
포충사,가까운,1
포충사,편안해요,1
포충사,조용히,1
포충사,필요할,1
포충사,이쁜,1
포충사,타고,1
포충사,자유,1
포충사,느낌,1
포충사,정갌,1
포충사,아늑하고,1
포충사,카페,1
포충사,한적한데서,1
포충사,노인,1
포충사,센터,1
포충사,있었습니다,1
포충사,학교,1
포충사,유채,1
포충사,교육,1
포충사,충성,1
포충사,노비,1
포충사,선비,1
포충사,사랑,1
포충사,즐거웠다,1
포충사,학습,1
포충사,체험,1
포충사,로서,1
포충사,출신성분,1
포충사,성지,1
포충사,선생,1
포충사,안됨,1
포충사,낡고,1
포충사,둘러보기,1
포충사,곳임,1
포충사,화원,1
포충사,영정,1
포충사,구한,1
포충사,의하면,1
포충사,시민,1
포충사,나중,1
포충사,멀어요,1
포충사,조용하게,1
포충사,편리하고,1
포충사,위로,1
포충사,한번,1
포충사,취하,1
포충사,초입,1
포충사,담뿍,1
포충사,예쁘게,1
포충사,정갈하고,1
포충사,풍경,1
포충사,즐거워,1
포충사,허락,1
포충사,경관,1
포충사,감상,1
포충사,설경,1
포충사,참배,1
포충사,순국,1
포충사,전투,1
포충사,왜적,1
포충사,기분,1
포충사,시끄럽고,1
포충사,먼지,1
포충사,장난,1
포충사,아니었어요,1
포충사,선배,1
포충사,의신,1
포충사,대항,1
포충사,일제,1
포충사,좋을것,1
포충사,손길,1
포충사,아름다운,1
포충사,끝내줘요,1
포충사,다시,1
포충사,대해,1
포충사,듯이,1
포충사,광합성,1
포충사,많아요,1
포충사,깨끗하고,1
포충사,완전,1
포충사,도망,1
포충사,여유도,1
포충사,한적함,1
포충사,시끄러워,1
포충사,나름,1
포충사,멀지,1
포충사,이전,1
포충사,자랑거리,1
포충사,충절,1
포충사,명의,1
포충사,같음,1
포충사,있을것,1
포충사,따뜻한,1
포충사,만발,1
포충사,오래된,1
포충사,푸른,1
포충사,어른,1
포충사,멋있는,1
포충사,데리,1
포충사,안성맞춤,1
포충사,바퀴,1
포충사,기숙사,1
포충사,과거,1
포충사,유명,1
포충사,아름드리,1
포충사,조용하며,1
포충사,유생,1
포충사,하나로,1
포충사,기념물,1
포충사,자세히는,1
포충사,그대로,1
포충사,인상,1
포충사,신랑,1
포충사,최근,1
포충사,보고,1
포충사,드러,1
포충사,질때,1
포충사,뒤뜰,1
포충사,담장,1
포충사,드러지고,1
포충사,길가,1
포충사,단정합니다,1
포충사,깔끔하고,1
포충사,항상,1
포충사,아담하지만,1
포충사,해년,1
포충사,간편하게,1
포충사,봉산,1
포충사,함양,1
포충사,정신,1
포충사,의향,1
포충사,경의,1
포충사,조용해서,1
포충사,지방,1
포충사,남향,1
포충사,있었지만,1
포충사,가지,1
포충사,여러,1
포충사,세월,1
포충사,참조,1
포충사,홈페이지,1
포충사,송림,1
포충사,주위,1
포충사,자리,1
포충사,언덕,1
포충사,유유,1
포충사,높은,1
포충사,좌측,1
포충사,활용,1
포충사,적극,1
포충사,조성,1
포충사,수려,1
포충사,사무소,1
포충사,휴게소,1
포충사,광장,1
포충사,새로운,1
포충사,민족,1
포충사,어려운,1
포충사,백성,1
포충사,추모,1
포충사,강추,1
포충사,가도,1
포충사,멋져요,1
포충사,환상,1
포충사,음악,1
포충사,같고가,1
포충사,같은데,1
포충사,힘들지,1
포충사,등산,1
포충사,의인,1
포충사,포함,1
포충사,멋졌어요,1
포충사,전날,1
포충사,힘든,1
포충사,보기,1
포충사,구서,1
포충사,기회,1
포충사,고마움,1
포충사,중앙,1
포충사,형성,1
포충사,넓게,1
포충사,구입,1
포충사,간단한,1
포충사,배움,1
포충사,노소,1
포충사,남녀,1
포충사,동반,1
포충사,유아,1
포충사,사적지,1
포충사,서린,1
포충사,절정,1
포충사,아름다,1
포충사,격세지감,1
포충사,텐트,1
포충사,쓰레기통,1
포충사,개운하였다,1
포충사,경이,1
포충사,너무한,1
포충사,좋지요,1
포충사,달리기,1
포충사,즐거운,1
포충사,음료,1
포충사,가능한,1
포충사,전시관,1
포충사,매점,1
포충사,건립,1
포충사,사업,1
포충사,정화,1
포충사,분리,1
포충사,도로,1
포충사,광목,1
포충사,원산동,1
포충사,남구,1
포충사,정부,1
포충사,거리,1
포충사,뒤치닥,1
포충사,선조,1
포충사,있슴,1
포충사,방문객,1
포충사,많은,1
포충사,불구,1
포충사,요즘,1
포충사,노송,1
포충사,그늘,1
포충사,입장,1
